Begin_position,End_position,Segment,Segment_begin_position,Segment_end_position,Mutability,Shannon_entropy,Gap_percentage,Protein,Sequence
10368,10397,5,1659,1688,0.02281,0.12935,0.0,NP,CTTTGGGAGGGACACAGCAGAGGATTATGA
10369,10398,5,1660,1689,0.02281,0.12935,0.0,NP,TTTGGGAGGGACACAGCAGAGGATTATGAT
10367,10396,5,1658,1687,0.02281,0.12935,0.0,NP,TCTTTGGGAGGGACACAGCAGAGGATTATG
10366,10395,5,1657,1686,0.02349,0.13086,0.0,NP,TTCTTTGGGAGGGACACAGCAGAGGATTAT
10364,10393,5,1655,1684,0.02349,0.13086,0.0,NP,TCTTCTTTGGGAGGGACACAGCAGAGGATT
10365,10394,5,1656,1685,0.02349,0.13086,0.0,NP,CTTCTTTGGGAGGGACACAGCAGAGGATTA
10353,10382,5,1644,1673,0.0252,0.13267,0.0,NP,CATCCCCAATTTCTTCTTTGGGAGGGACAC
10363,10392,5,1654,1683,0.02383,0.13324,0.0,NP,TTCTTCTTTGGGAGGGACACAGCAGAGGAT
10354,10383,5,1645,1674,0.02554,0.13504,0.0,NP,ATCCCCAATTTCTTCTTTGGGAGGGACACA
10352,10381,5,1643,1672,0.02588,0.13708,0.0,NP,CCATCCCCAATTTCTTCTTTGGGAGGGACA
